model,brier_score,log_loss,mean_pred,observed_rate
lightgbm_v2_raw,0.19732081666418483,0.5764503557045211,0.44074955638427105,0.14997615641392464
lightgbm_v2_isotonic,0.1406915685073957,0.4382621552674346,0.32303331342657343,0.14997615641392464
logreg_balanced,0.23667499368155956,0.6733433513468893,0.47878190572232493,0.14997615641392464
