metric,phase10_value,v2_value,delta
hit_rate@10,0.0104,0.12035358114233907,0.10995358114233908
mrr@10,0.0035,0.060568887573161374,0.05706888757316137
