campaign_id,n_treatment_test,n_control_test,response_rate_treatment,response_rate_control,ate_test
CMP011,1768,751,0.20984162895927602,0.1478029294274301,0.06203869953184593
CMP012,15263,2737,0.20690558867850356,0.1669711362805992,0.03993445239790436
