model,mae,rmse,smape,mean_bias,n_test
lgbm_tweedie_v2,1.2336473460717612,1.8268958925282168,0.456197596042939,-0.47086021031754793,150688
