method,n_features_used,silhouette,calinski_harabasz,davies_bouldin
pca_before_kmeans_80pct_variance,6,0.2515200676021981,22995.296227977546,1.332814208989333
all_standardized_features,14,0.20128985016386314,16635.246145105906,1.6051417660987042
corr_pruned_features_kmeans,12,0.18540137165675655,14025.366613598342,1.782579514382534
