model,selection_rule,threshold,precision,recall,f1,specificity
lightgbm_v2,max_f1,0.65,0.4177071509648127,0.5850556438791733,0.4874172185430464,0.856100981767181
lightgbm_v2,precision_floor_0_70,0.85,0.7051282051282052,0.13116057233704292,0.22117962466487934,0.9903225806451613
