model,selection_rule,threshold,precision,recall,f1,specificity
lightgbm_v2,max_f1,0.6,0.3714670255720054,0.6581875993640699,0.4749067966733582,0.8035063113604488
