selection_rule,model,threshold,precision,recall,f1,specificity
max_f1,rf_balanced,0.35,0.4957044673539519,0.6740654205607477,0.5712871287128712,0.8583494208494209
precision_floor_0_70,rf_balanced,0.7,0.7455830388692579,0.24649532710280375,0.37050043898156276,0.9826254826254827
