category,mae,smape,mean_bias,n
beauty,1.901054769342433,0.5447524659935316,-0.6251070071604249,22353
electronics,0.9784463217073641,0.422579864730349,-0.3966691145275383,24911
fashion,0.9105302258235486,0.4065996493875208,-0.3778333034905635,34872
grocery_light,1.9096528657727385,0.550990419106465,-0.6719800722777358,21124
home,0.9498815564818259,0.4199089590574915,-0.36168947069792146,23531
sports,1.0287616700264492,0.43272470049122647,-0.4693859977473144,23897
