model,mae,rmse,smape
rf_feature_model_quality,1.251205606986298,1.849581975034202,0.4676539724053862
naive_blend_70_30,1.4906322998513484,2.1717079835782633,0.5142251269246189
naive_lag_4w,1.5982825440645572,2.404485107103481,0.5392178056908556
naive_lag_1w,1.636865576555532,2.4472644550201896,0.5442892908898719
