feature,PC1,abs_PC1
sessions_with_purchase,0.3678890879685439,0.3678890879685439
total_orders,0.36760980787462766,0.36760980787462766
total_units,0.3580558940479298,0.3580558940479298
total_sessions,0.3470675159543982,0.3470675159543982
total_net_revenue,0.34303095606487943,0.34303095606487943
avg_pages_viewed,0.31621182730828795,0.31621182730828795
avg_session_minutes,0.30199946799237853,0.30199946799237853
online_order_share,0.2258765571133315,0.2258765571133315
