group,n,responders,response_rate,overall_uplift,z_stat,p_value
control,16782,2641,0.15737099273030627,0.042381952696270736,12.727820850211636,0.0
treatment,85811,17141,0.199752945426577,0.042381952696270736,12.727820850211636,0.0
