model,split_strategy,approved_feature_count,train_rows,valid_rows,test_rows,churn_rate_train,n_test,churn_rate_test,roc_auc,pr_auc,log_loss,brier_score,accuracy_at_0_50,balanced_accuracy_at_0_50,mcc_at_0_50
lightgbm_v2,time_ordered_80_20_mature_90d,34,28515,5033,8388,0.21939330177099772,8388,0.14997615641392464,0.8116281325463737,0.44772587877567543,0.5149555358898458,0.17356892619125272,0.7373628993800667,0.7394569844161463,0.36218902658476676
