model,split_strategy,approved_feature_count,train_rows,valid_rows,test_rows,churn_rate_train,n_test,churn_rate_test,roc_auc,pr_auc,log_loss,brier_score,accuracy_at_0_50,balanced_accuracy_at_0_50,mcc_at_0_50
lightgbm_v2,time_ordered_80_20_mature_90d,35,28515,5033,8388,0.21939330177099772,8388,0.14997615641392464,0.8152971055371847,0.45920971617202244,0.5124876370017712,0.1734242327232446,0.7324749642346209,0.7388731194687799,0.3596029533645355
